{"cameraMode":{"drawMode":0,"name":"Shaded","section":"Shading Mode"},"sceneLighting":true,"audioPlay":false,"sceneViewState":{"m_AlwaysRefresh":false,"showFog":true,"showSkybox":true,"showFlares":true,"showImageEffects":true,"showParticleSystems":true,"showVisualEffectGraphs":true,"m_FxEnabled":true},"in2DMode":false,"pivot":{"x":9.420116424560547,"y":3.753875970840454,"z":3.8814423084259035},"rotation":{"x":-0.11496105045080185,"y":0.10024847090244293,"z":-0.011661574244499207,"w":-0.9882236123085022},"size":2.0615527629852297,"orthographic":false}